{"paths": {"admin/js/vendor/select2/i18n/af.js": "admin/js/vendor/select2/i18n/af.4f6fcd73488c.js", "admin/js/vendor/select2/i18n/ar.js": "admin/js/vendor/select2/i18n/ar.65aa8e36bf5d.js", "admin/js/vendor/select2/i18n/az.js": "admin/js/vendor/select2/i18n/az.270c257daf81.js", "admin/js/vendor/select2/i18n/bg.js": "admin/js/vendor/select2/i18n/bg.39b8be30d4f0.js", "admin/js/vendor/select2/i18n/bn.js": "admin/js/vendor/select2/i18n/bn.6d42b4dd5665.js", "admin/js/vendor/select2/i18n/bs.js": "admin/js/vendor/select2/i18n/bs.91624382358e.js", "admin/js/vendor/select2/i18n/ca.js": "admin/js/vendor/select2/i18n/ca.a166b745933a.js", "admin/js/vendor/select2/i18n/cs.js": "admin/js/vendor/select2/i18n/cs.4f43e8e7d33a.js", "admin/js/vendor/select2/i18n/da.js": "admin/js/vendor/select2/i18n/da.766346afe4dd.js", "admin/js/vendor/select2/i18n/de.js": "admin/js/vendor/select2/i18n/de.8a1c222b0204.js", "admin/js/vendor/select2/i18n/dsb.js": "admin/js/vendor/select2/i18n/dsb.56372c92d2f1.js", "admin/js/vendor/select2/i18n/el.js": "admin/js/vendor/select2/i18n/el.27097f071856.js", "admin/js/vendor/select2/i18n/en.js": "admin/js/vendor/select2/i18n/en.cf932ba09a98.js", "admin/js/vendor/select2/i18n/es.js": "admin/js/vendor/select2/i18n/es.66dbc2652fb1.js", "admin/js/vendor/select2/i18n/et.js": "admin/js/vendor/select2/i18n/et.2b96fd98289d.js", "admin/js/vendor/select2/i18n/eu.js": "admin/js/vendor/select2/i18n/eu.adfe5c97b72c.js", "admin/js/vendor/select2/i18n/fa.js": "admin/js/vendor/select2/i18n/fa.3b5bd1961cfd.js", "admin/js/vendor/select2/i18n/fi.js": "admin/js/vendor/select2/i18n/fi.614ec42aa9ba.js", "admin/js/vendor/select2/i18n/fr.js": "admin/js/vendor/select2/i18n/fr.05e0542fcfe6.js", "admin/js/vendor/select2/i18n/gl.js": "admin/js/vendor/select2/i18n/gl.d99b1fedaa86.js", "admin/js/vendor/select2/i18n/he.js": "admin/js/vendor/select2/i18n/he.e420ff6cd3ed.js", "admin/js/vendor/select2/i18n/hi.js": "admin/js/vendor/select2/i18n/hi.70640d41628f.js", "admin/js/vendor/select2/i18n/hr.js": "admin/js/vendor/select2/i18n/hr.a2b092cc1147.js", "admin/js/vendor/select2/i18n/hsb.js": "admin/js/vendor/select2/i18n/hsb.fa3b55265efe.js", "admin/js/vendor/select2/i18n/hu.js": "admin/js/vendor/select2/i18n/hu.6ec6039cb8a3.js", "admin/js/vendor/select2/i18n/hy.js": "admin/js/vendor/select2/i18n/hy.c7babaeef5a6.js", "admin/js/vendor/select2/i18n/id.js": "admin/js/vendor/select2/i18n/id.04debded514d.js", "admin/js/vendor/select2/i18n/is.js": "admin/js/vendor/select2/i18n/is.3ddd9a6a97e9.js", "admin/js/vendor/select2/i18n/it.js": "admin/js/vendor/select2/i18n/it.be4fe8d365b5.js", "admin/js/vendor/select2/i18n/ja.js": "admin/js/vendor/select2/i18n/ja.170ae885d74f.js", "admin/js/vendor/select2/i18n/ka.js": "admin/js/vendor/select2/i18n/ka.2083264a54f0.js", "admin/js/vendor/select2/i18n/km.js": "admin/js/vendor/select2/i18n/km.c23089cb06ca.js", "admin/js/vendor/select2/i18n/ko.js": "admin/js/vendor/select2/i18n/ko.e7be6c20e673.js", "admin/js/vendor/select2/i18n/lt.js": "admin/js/vendor/select2/i18n/lt.23c7ce903300.js", "admin/js/vendor/select2/i18n/lv.js": "admin/js/vendor/select2/i18n/lv.08e62128eac1.js", "admin/js/vendor/select2/i18n/mk.js": "admin/js/vendor/select2/i18n/mk.dabbb9087130.js", "admin/js/vendor/select2/i18n/ms.js": "admin/js/vendor/select2/i18n/ms.4ba82c9a51ce.js", "admin/js/vendor/select2/i18n/nb.js": "admin/js/vendor/select2/i18n/nb.da2fce143f27.js", "admin/js/vendor/select2/i18n/ne.js": "admin/js/vendor/select2/i18n/ne.3d79fd3f08db.js", "admin/js/vendor/select2/i18n/nl.js": "admin/js/vendor/select2/i18n/nl.997868a37ed8.js", "admin/js/vendor/select2/i18n/pl.js": "admin/js/vendor/select2/i18n/pl.6031b4f16452.js", "admin/js/vendor/select2/i18n/ps.js": "admin/js/vendor/select2/i18n/ps.38dfa47af9e0.js", "admin/js/vendor/select2/i18n/pt-BR.js": "admin/js/vendor/select2/i18n/pt-BR.e1b294433e7f.js", "admin/js/vendor/select2/i18n/pt.js": "admin/js/vendor/select2/i18n/pt.33b4a3b44d43.js", "admin/js/vendor/select2/i18n/ro.js": "admin/js/vendor/select2/i18n/ro.f75cb460ec3b.js", "admin/js/vendor/select2/i18n/ru.js": "admin/js/vendor/select2/i18n/ru.934aa95f5b5f.js", "admin/js/vendor/select2/i18n/sk.js": "admin/js/vendor/select2/i18n/sk.33d02cef8d11.js", "admin/js/vendor/select2/i18n/sl.js": "admin/js/vendor/select2/i18n/sl.131a78bc0752.js", "admin/js/vendor/select2/i18n/sq.js": "admin/js/vendor/select2/i18n/sq.5636b60d29c9.js", "admin/js/vendor/select2/i18n/sr-Cyrl.js": "admin/js/vendor/select2/i18n/sr-Cyrl.f254bb8c4c7c.js", "admin/js/vendor/select2/i18n/sr.js": "admin/js/vendor/select2/i18n/sr.5ed85a48f483.js", "admin/js/vendor/select2/i18n/sv.js": "admin/js/vendor/select2/i18n/sv.7a9c2f71e777.js", "admin/js/vendor/select2/i18n/th.js": "admin/js/vendor/select2/i18n/th.f38c20b0221b.js", "admin/js/vendor/select2/i18n/tk.js": "admin/js/vendor/select2/i18n/tk.7c572a68c78f.js", "admin/js/vendor/select2/i18n/tr.js": "admin/js/vendor/select2/i18n/tr.b5a0643d1545.js", "admin/js/vendor/select2/i18n/uk.js": "admin/js/vendor/select2/i18n/uk.8cede7f4803c.js", "admin/js/vendor/select2/i18n/vi.js": "admin/js/vendor/select2/i18n/vi.097a5b75b3e1.js", "admin/js/vendor/select2/i18n/zh-CN.js": "admin/js/vendor/select2/i18n/zh-CN.2cff662ec5f9.js", "admin/js/vendor/select2/i18n/zh-TW.js": "admin/js/vendor/select2/i18n/zh-TW.04554a227c2b.js", "admin/css/vendor/select2/LICENSE-SELECT2.md": "admin/css/vendor/select2/LICENSE-SELECT2.f94142512c91.md", "admin/css/vendor/select2/select2.css": "admin/css/vendor/select2/select2.a2194c262648.css", "admin/css/vendor/select2/select2.min.css": "admin/css/vendor/select2/select2.min.9f54e6414f87.css", "admin/js/vendor/jquery/jquery.js": "admin/js/vendor/jquery/jquery.12e87d2f3a4c.js", "admin/js/vendor/jquery/jquery.min.js": "admin/js/vendor/jquery/jquery.min.2c872dbe60f4.js", "admin/js/vendor/jquery/LICENSE.txt": "admin/js/vendor/jquery/LICENSE.de877aa6d744.txt", "admin/js/vendor/select2/LICENSE.md": "admin/js/vendor/select2/LICENSE.f94142512c91.md", "admin/js/vendor/select2/select2.full.js": "admin/js/vendor/select2/select2.full.c2afdeda3058.js", "admin/js/vendor/select2/select2.full.min.js": "admin/js/vendor/select2/select2.full.min.fcd7500d8e13.js", "admin/js/vendor/xregexp/LICENSE.txt": "admin/js/vendor/xregexp/LICENSE.b6fd2ceea8d3.txt", "admin/js/vendor/xregexp/xregexp.js": "admin/js/vendor/xregexp/xregexp.a7e08b0ce686.js", "admin/js/vendor/xregexp/xregexp.min.js": "admin/js/vendor/xregexp/xregexp.min.f1ae4617847c.js", "admin/img/gis/move_vertex_off.svg": "admin/img/gis/move_vertex_off.7a23bf31ef8a.svg", "admin/img/gis/move_vertex_on.svg": "admin/img/gis/move_vertex_on.0047eba25b67.svg", "admin/js/admin/DateTimeShortcuts.js": "admin/js/admin/DateTimeShortcuts.9f6e209cebca.js", "admin/js/admin/RelatedObjectLookups.js": "admin/js/admin/RelatedObjectLookups.ef211845e458.js", "django_ckeditor_5/dist/translations/af.js": "django_ckeditor_5/dist/translations/af.a0f71d4b39eb.js", "django_ckeditor_5/dist/translations/ar.js": "django_ckeditor_5/dist/translations/ar.b299556f2cb4.js", "django_ckeditor_5/dist/translations/ast.js": "django_ckeditor_5/dist/translations/ast.4250f0518638.js", "django_ckeditor_5/dist/translations/az.js": "django_ckeditor_5/dist/translations/az.2108877dbc94.js", "django_ckeditor_5/dist/translations/bg.js": "django_ckeditor_5/dist/translations/bg.e64760642a0c.js", "django_ckeditor_5/dist/translations/bn.js": "django_ckeditor_5/dist/translations/bn.00999fef6bc8.js", "django_ckeditor_5/dist/translations/bs.js": "django_ckeditor_5/dist/translations/bs.8266eb623c01.js", "django_ckeditor_5/dist/translations/ca.js": "django_ckeditor_5/dist/translations/ca.3159453a1db0.js", "django_ckeditor_5/dist/translations/cs.js": "django_ckeditor_5/dist/translations/cs.6672b88afe3a.js", "django_ckeditor_5/dist/translations/da.js": "django_ckeditor_5/dist/translations/da.0f7fc3a3d924.js", "django_ckeditor_5/dist/translations/de-ch.js": "django_ckeditor_5/dist/translations/de-ch.9638ca84295b.js", "django_ckeditor_5/dist/translations/de.js": "django_ckeditor_5/dist/translations/de.2f7153a1c0a4.js", "django_ckeditor_5/dist/translations/el.js": "django_ckeditor_5/dist/translations/el.fb43be6b53b1.js", "django_ckeditor_5/dist/translations/en-au.js": "django_ckeditor_5/dist/translations/en-au.bab281c876ff.js", "django_ckeditor_5/dist/translations/en-gb.js": "django_ckeditor_5/dist/translations/en-gb.396242401e93.js", "django_ckeditor_5/dist/translations/eo.js": "django_ckeditor_5/dist/translations/eo.bb99d3cff4af.js", "django_ckeditor_5/dist/translations/es-co.js": "django_ckeditor_5/dist/translations/es-co.47445801203a.js", "django_ckeditor_5/dist/translations/es.js": "django_ckeditor_5/dist/translations/es.480699e96dfc.js", "django_ckeditor_5/dist/translations/et.js": "django_ckeditor_5/dist/translations/et.2d495c769973.js", "django_ckeditor_5/dist/translations/eu.js": "django_ckeditor_5/dist/translations/eu.ea30e85be51b.js", "django_ckeditor_5/dist/translations/fa.js": "django_ckeditor_5/dist/translations/fa.865f2162f405.js", "django_ckeditor_5/dist/translations/fi.js": "django_ckeditor_5/dist/translations/fi.f5d88e13fee9.js", "django_ckeditor_5/dist/translations/fr.js": "django_ckeditor_5/dist/translations/fr.f53144b777bb.js", "django_ckeditor_5/dist/translations/gl.js": "django_ckeditor_5/dist/translations/gl.e77960ad1029.js", "django_ckeditor_5/dist/translations/gu.js": "django_ckeditor_5/dist/translations/gu.f609760f69bb.js", "django_ckeditor_5/dist/translations/he.js": "django_ckeditor_5/dist/translations/he.4118a38a6378.js", "django_ckeditor_5/dist/translations/hi.js": "django_ckeditor_5/dist/translations/hi.f98542a8139a.js", "django_ckeditor_5/dist/translations/hr.js": "django_ckeditor_5/dist/translations/hr.ddea1ffd938b.js", "django_ckeditor_5/dist/translations/hu.js": "django_ckeditor_5/dist/translations/hu.ef07153eb049.js", "django_ckeditor_5/dist/translations/hy.js": "django_ckeditor_5/dist/translations/hy.f4c7eca8d2db.js", "django_ckeditor_5/dist/translations/id.js": "django_ckeditor_5/dist/translations/id.9b2afdd487b3.js", "django_ckeditor_5/dist/translations/it.js": "django_ckeditor_5/dist/translations/it.4ff19c516155.js", "django_ckeditor_5/dist/translations/ja.js": "django_ckeditor_5/dist/translations/ja.d85a114922f4.js", "django_ckeditor_5/dist/translations/jv.js": "django_ckeditor_5/dist/translations/jv.af6626378b07.js", "django_ckeditor_5/dist/translations/kk.js": "django_ckeditor_5/dist/translations/kk.c29d4c216e92.js", "django_ckeditor_5/dist/translations/km.js": "django_ckeditor_5/dist/translations/km.df2f235cc3e5.js", "django_ckeditor_5/dist/translations/kn.js": "django_ckeditor_5/dist/translations/kn.2966c8e7a116.js", "django_ckeditor_5/dist/translations/ko.js": "django_ckeditor_5/dist/translations/ko.a94b40419ebc.js", "django_ckeditor_5/dist/translations/ku.js": "django_ckeditor_5/dist/translations/ku.f980e27d5f1c.js", "django_ckeditor_5/dist/translations/lt.js": "django_ckeditor_5/dist/translations/lt.b309950e5308.js", "django_ckeditor_5/dist/translations/lv.js": "django_ckeditor_5/dist/translations/lv.c22e141f90d3.js", "django_ckeditor_5/dist/translations/ms.js": "django_ckeditor_5/dist/translations/ms.54a13b84707e.js", "django_ckeditor_5/dist/translations/nb.js": "django_ckeditor_5/dist/translations/nb.d7b32a5fa1a9.js", "django_ckeditor_5/dist/translations/ne.js": "django_ckeditor_5/dist/translations/ne.102c0d763bf2.js", "django_ckeditor_5/dist/translations/nl.js": "django_ckeditor_5/dist/translations/nl.b8c76016dc56.js", "django_ckeditor_5/dist/translations/no.js": "django_ckeditor_5/dist/translations/no.69451dc49632.js", "django_ckeditor_5/dist/translations/oc.js": "django_ckeditor_5/dist/translations/oc.4d0852d66bc2.js", "django_ckeditor_5/dist/translations/pl.js": "django_ckeditor_5/dist/translations/pl.3090b7c6a8b0.js", "django_ckeditor_5/dist/translations/pt-br.js": "django_ckeditor_5/dist/translations/pt-br.c4e058f6c783.js", "django_ckeditor_5/dist/translations/pt.js": "django_ckeditor_5/dist/translations/pt.6b6972df99b8.js", "django_ckeditor_5/dist/translations/ro.js": "django_ckeditor_5/dist/translations/ro.42800111ad9e.js", "django_ckeditor_5/dist/translations/ru.js": "django_ckeditor_5/dist/translations/ru.7bfce43f1321.js", "django_ckeditor_5/dist/translations/si.js": "django_ckeditor_5/dist/translations/si.0d7dee466a35.js", "django_ckeditor_5/dist/translations/sk.js": "django_ckeditor_5/dist/translations/sk.e85302122670.js", "django_ckeditor_5/dist/translations/sl.js": "django_ckeditor_5/dist/translations/sl.3ff0e9390d2d.js", "django_ckeditor_5/dist/translations/sq.js": "django_ckeditor_5/dist/translations/sq.08e019f67ad8.js", "django_ckeditor_5/dist/translations/sr-latn.js": "django_ckeditor_5/dist/translations/sr-latn.3fab108a52ea.js", "django_ckeditor_5/dist/translations/sr.js": "django_ckeditor_5/dist/translations/sr.e92d57aa7a90.js", "django_ckeditor_5/dist/translations/sv.js": "django_ckeditor_5/dist/translations/sv.6696e04a7338.js", "django_ckeditor_5/dist/translations/th.js": "django_ckeditor_5/dist/translations/th.9130951da837.js", "django_ckeditor_5/dist/translations/tk.js": "django_ckeditor_5/dist/translations/tk.ccfdedc33f66.js", "django_ckeditor_5/dist/translations/tr.js": "django_ckeditor_5/dist/translations/tr.810c11ed7bd5.js", "django_ckeditor_5/dist/translations/tt.js": "django_ckeditor_5/dist/translations/tt.e51cadec3721.js", "django_ckeditor_5/dist/translations/ug.js": "django_ckeditor_5/dist/translations/ug.32810e1f06b8.js", "django_ckeditor_5/dist/translations/uk.js": "django_ckeditor_5/dist/translations/uk.58a9274406b5.js", "django_ckeditor_5/dist/translations/ur.js": "django_ckeditor_5/dist/translations/ur.0b91f09bda61.js", "django_ckeditor_5/dist/translations/uz.js": "django_ckeditor_5/dist/translations/uz.1a56f5f96107.js", "django_ckeditor_5/dist/translations/vi.js": "django_ckeditor_5/dist/translations/vi.8c52e2e6eff5.js", "django_ckeditor_5/dist/translations/zh-cn.js": "django_ckeditor_5/dist/translations/zh-cn.7e2104f06be1.js", "django_ckeditor_5/dist/translations/zh.js": "django_ckeditor_5/dist/translations/zh.158aad7595d4.js", "assets/styles/home.css": "assets/styles/home.1048c6f4268d.css", "assets/styles/store.css": "assets/styles/store.d41d8cd98f00.css", "admin/css/autocomplete.css": "admin/css/autocomplete.4a81fc4242d0.css", "admin/css/base.css": "admin/css/base.9f65b5cd54b3.css", "admin/css/changelists.css": "admin/css/changelists.47cb433b29d4.css", "admin/css/dark_mode.css": "admin/css/dark_mode.e18e9a052429.css", "admin/css/dashboard.css": "admin/css/dashboard.e90f2068217b.css", "admin/css/forms.css": "admin/css/forms.b29a0c8c9155.css", "admin/css/login.css": "admin/css/login.586129c60a93.css", "admin/css/nav_sidebar.css": "admin/css/nav_sidebar.dd925738f4cc.css", "admin/css/responsive.css": "admin/css/responsive.eafb93ff084c.css", "admin/css/responsive_rtl.css": "admin/css/responsive_rtl.7d1130848605.css", "admin/css/rtl.css": "admin/css/rtl.aa92d763340b.css", "admin/css/widgets.css": "admin/css/widgets.8a70ea6d8850.css", "admin/img/calendar-icons.svg": "admin/img/calendar-icons.39b290681a8b.svg", "admin/img/icon-addlink.svg": "admin/img/icon-addlink.d519b3bab011.svg", "admin/img/icon-alert.svg": "admin/img/icon-alert.034cc7d8a67f.svg", "admin/img/icon-calendar.svg": "admin/img/icon-calendar.ac7aea671bea.svg", "admin/img/icon-changelink.svg": "admin/img/icon-changelink.18d2fd706348.svg", "admin/img/icon-clock.svg": "admin/img/icon-clock.e1d4dfac3f2b.svg", "admin/img/icon-deletelink.svg": "admin/img/icon-deletelink.564ef9dc3854.svg", "admin/img/icon-hidelink.svg": "admin/img/icon-hidelink.8d245a995e18.svg", "admin/img/icon-no.svg": "admin/img/icon-no.439e821418cd.svg", "admin/img/icon-unknown-alt.svg": "admin/img/icon-unknown-alt.81536e128bb6.svg", "admin/img/icon-unknown.svg": "admin/img/icon-unknown.a18cb4398978.svg", "admin/img/icon-viewlink.svg": "admin/img/icon-viewlink.41eb31f7826e.svg", "admin/img/icon-yes.svg": "admin/img/icon-yes.d2f9f035226a.svg", "admin/img/inline-delete.svg": "admin/img/inline-delete.fec1b761f254.svg", "admin/img/LICENSE": "admin/img/LICENSE.2c54f4e1ca1c", "admin/img/README.txt": "admin/img/README.a70711a38d87.txt", "admin/img/search.svg": "admin/img/search.7cf54ff789c6.svg", "admin/img/selector-icons.svg": "admin/img/selector-icons.b4555096cea2.svg", "admin/img/sorting-icons.svg": "admin/img/sorting-icons.3a097b59f104.svg", "admin/img/tooltag-add.svg": "admin/img/tooltag-add.e59d620a9742.svg", "admin/img/tooltag-arrowright.svg": "admin/img/tooltag-arrowright.bbfb788a849e.svg", "admin/js/actions.js": "admin/js/actions.867b023a736d.js", "admin/js/autocomplete.js": "admin/js/autocomplete.01591ab27be7.js", "admin/js/calendar.js": "admin/js/calendar.d64496bbf46d.js", "admin/js/cancel.js": "admin/js/cancel.ecc4c5ca7b32.js", "admin/js/change_form.js": "admin/js/change_form.9d8ca4f96b75.js", "admin/js/collapse.js": "admin/js/collapse.f84e7410290f.js", "admin/js/core.js": "admin/js/core.7e257fdf56dc.js", "admin/js/filters.js": "admin/js/filters.0e360b7a9f80.js", "admin/js/inlines.js": "admin/js/inlines.22d4d93c00b4.js", "admin/js/jquery.init.js": "admin/js/jquery.init.b7781a0897fc.js", "admin/js/nav_sidebar.js": "admin/js/nav_sidebar.3b9190d420b1.js", "admin/js/popup_response.js": "admin/js/popup_response.c6cc78ea5551.js", "admin/js/prepopulate.js": "admin/js/prepopulate.bd2361dfd64d.js", "admin/js/prepopulate_init.js": "admin/js/prepopulate_init.6cac7f3105b8.js", "admin/js/SelectBox.js": "admin/js/SelectBox.7d3ce5a98007.js", "admin/js/SelectFilter2.js": "admin/js/SelectFilter2.b8cf7343ff9e.js", "admin/js/theme.js": "admin/js/theme.ab270f56bb9c.js", "admin/js/urlify.js": "admin/js/urlify.ae970a820212.js", "debug_toolbar/css/print.css": "debug_toolbar/css/print.fe959e423a6a.css", "debug_toolbar/css/toolbar.css": "debug_toolbar/css/toolbar.134a3583f16b.css", "debug_toolbar/js/history.js": "debug_toolbar/js/history.e65591a92b59.js", "debug_toolbar/js/redirect.js": "debug_toolbar/js/redirect.d643ba40b49f.js", "debug_toolbar/js/timer.js": "debug_toolbar/js/timer.928069f58d39.js", "debug_toolbar/js/toolbar.js": "debug_toolbar/js/toolbar.ff1adf043f7a.js", "debug_toolbar/js/utils.js": "debug_toolbar/js/utils.612f44108d20.js", "django_extensions/css/jquery.autocomplete.css": "django_extensions/css/jquery.autocomplete.1a774d452e48.css", "django_extensions/img/indicator.gif": "django_extensions/img/indicator.03ce3dcc84af.gif", "django_extensions/js/jquery.ajaxQueue.js": "django_extensions/js/jquery.ajaxQueue.5fc2188f8a16.js", "django_extensions/js/jquery.autocomplete.js": "django_extensions/js/jquery.autocomplete.26e55daaf7c5.js", "django_extensions/js/jquery.bgiframe.js": "django_extensions/js/jquery.bgiframe.68c9c05397e9.js", "django_ckeditor_5/dist/bundle.js": "django_ckeditor_5/dist/bundle.ea521688d7a1.js", "django_ckeditor_5/dist/bundle.js.LICENSE.txt": "django_ckeditor_5/dist/bundle.js.LICENSE.77e68cf7f450.txt", "django_ckeditor_5/dist/bundle.js.map": "django_ckeditor_5/dist/bundle.js.f2f3536f79be.map", "django_ckeditor_5/dist/styles.css": "django_ckeditor_5/dist/styles.25fec86048c8.css", "django_ckeditor_5/dist/styles.css.map": "django_ckeditor_5/dist/styles.css.03d713eafd83.map", "django_ckeditor_5/src/ckeditor.js": "django_ckeditor_5/src/ckeditor.52edb2a3f05a.js", "django_ckeditor_5/src/override-django.css": "django_ckeditor_5/src/override-django.4202193efd68.css", "django_ckeditor_5/app.js": "django_ckeditor_5/app.07540faa22d8.js"}, "version": "1.1", "hash": "7b119ad86ab4"}